model,fold,score
LogisticRegression,0,0.9318452380952381
LogisticRegression,1,0.9315476190476191
LogisticRegression,2,0.9163690476190476
LogisticRegression,3,0.9264880952380953
LogisticRegression,4,0.9330357142857143
RandomForest,0,0.9491071428571428
RandomForest,1,0.9497023809523809
RandomForest,2,0.950297619047619
RandomForest,3,0.9535714285714286
RandomForest,4,0.9595238095238096
XGBoost,0,0.9648809523809524
XGBoost,1,0.9645833333333333
XGBoost,2,0.9636904761904762
XGBoost,3,0.9702380952380952
XGBoost,4,0.9717261904761905
